<?xml version="1.0" encoding="UTF-8"?>
<configuration scan = "true" scanPeriod="30 seconds">

    <appender name="STDOUT" class="ch.qos.logback.core.ConsoleAppender">
        <encoder>
            <pattern>%msg%n</pattern>
        </encoder>
    </appender>

    <appender name="versatunelog" class="ch.qos.logback.core.rolling.RollingFileAppender">
        <file>/usr/local/apps/versatune/logs/versatune.log</file>

        <rollingPolicy
                class="ch.qos.logback.core.rolling.TimeBasedRollingPolicy">
            <!-- rollover daily and when the file reaches 10 MegaBytes -->
            <fileNamePattern>/usr/local/apps/versatune/logs/versatune-%d{yyyy-MM-dd}.%i.log</fileNamePattern>

            <timeBasedFileNamingAndTriggeringPolicy
                    class="ch.qos.logback.core.rolling.SizeAndTimeBasedFNATP">
                <maxFileSize>50MB</maxFileSize>
            </timeBasedFileNamingAndTriggeringPolicy>
        </rollingPolicy>

        <encoder class="ch.qos.logback.classic.encoder.PatternLayoutEncoder">
            <Pattern>%d %p %C{1.} [%t] %m%n</Pattern>
        </encoder>
    </appender>

    <appender name="logTuner" class="ch.qos.logback.core.rolling.RollingFileAppender">
        <file>/usr/local/apps/versatune/logs/tuner.log</file>

        <rollingPolicy
                class="ch.qos.logback.core.rolling.TimeBasedRollingPolicy">
            <!-- rollover daily and when the file reaches 10 MegaBytes -->
            <fileNamePattern>/usr/local/apps/versatune/logs/tuner-%d{yyyy-MM-dd}.%i.log</fileNamePattern>

            <timeBasedFileNamingAndTriggeringPolicy
                    class="ch.qos.logback.core.rolling.SizeAndTimeBasedFNATP">
                <maxFileSize>50MB</maxFileSize>
            </timeBasedFileNamingAndTriggeringPolicy>
        </rollingPolicy>

        <encoder class="ch.qos.logback.classic.encoder.PatternLayoutEncoder">
            <Pattern>%d %p %C{1.} [%t] %m%n</Pattern>
        </encoder>
    </appender>
    <appender name="hibernate" class="ch.qos.logback.core.rolling.RollingFileAppender">
        <file>/usr/local/apps/versatune/logs/hibernate.log</file>

        <rollingPolicy
                class="ch.qos.logback.core.rolling.TimeBasedRollingPolicy">
            <!-- rollover daily and when the file reaches 10 MegaBytes -->
            <fileNamePattern>/usr/local/apps/versatune/logs/hibernate-%d{yyyy-MM-dd}.%i.log</fileNamePattern>

            <timeBasedFileNamingAndTriggeringPolicy
                    class="ch.qos.logback.core.rolling.SizeAndTimeBasedFNATP">
                <maxFileSize>50MB</maxFileSize>
            </timeBasedFileNamingAndTriggeringPolicy>
        </rollingPolicy>

        <encoder class="ch.qos.logback.classic.encoder.PatternLayoutEncoder">
            <Pattern>%d %p %C{1.} [%t] %m%n</Pattern>
        </encoder>
    </appender>

    <logger name="org.springframework.web.servlet" level="WARN" additivity="false">
        <appender-ref ref="versatunelog" />
        <appender-ref ref="logTuner" />
    </logger>
    <logger name="com.datvexpress.ws.versatune" level="info">
        <appender-ref ref="tuner" />
    </logger>
    <logger name="com.datvexpress.ws.versatune" level="info">
        <appender-ref ref="versatune" />
    </logger>
    
    <logger name="org.springframework.boot" level="INFO" additivity="false">
        <appender-ref ref="STDOUT" />
    </logger>

    <logger name="org.apache" level="WARN" additivity="false">
        <appender-ref ref="STDOUT" />
    </logger>

    <logger name="web" level="DEBUG">
        <appender-ref ref="STDOUT" />
    </logger>


    <logger name="org.hibernate" level="INFO" additivity="false">
        <appender-ref ref="hibernate" />
    </logger>
</configuration>
